ID,Task Date,Task Title,Time Spent,Task Notes
1,2026/04/21,Rocket,999,Spacex
5,2027/04/14,Radek,765,Zeus and Sky
8,2030/05/03,Rocket2,765,Spacex15
9,2034/11/22,Rocket2,2,Spacex17
15,2036/09/02,Hello,12,SpaceX on the Mars
16,2026/04/21,Rocket,999,Spacex
17,2027/04/14,Radek,765,Zeus and Sky
18,05/05/2028,Yes,19,YES
19,2034/11/22,Rocket2,2,Spacex17
20,2034/23/23,Hello,34,sdasdasdsad
21,2026/04/21,Rocket,999,Spacex
22,2027/04/14,Radek,765,Zeus and Sky
25,2036/09/02,Hello,12,SpaceX on the Mars
26,2026/04/21,12,999,Spacex
27,2027/04/14,Radek,765,Zeus and Sky
28,2030/05/03,Rocket2,765,12
29,2034/11/22,Rocket2,2,12
30,2036/09/02,Hello,12,SpaceX on the Mars
